Reel1,Reel2,Reel3,Reel4,Reel5
H1,H1,H1,H1,H1
H2,H2,H2,H2,H2
H3,H3,H3,H3,H3
H4,H4,H4,H4,H4
H5,H5,H5,H5,H5
L1,L1,L1,L1,L1
L2,L2,L2,L2,L2
L3,L3,L3,L3,L3
L4,L4,L4,L4,L4
L5,L5,L5,L5,L5
L6,L6,L6,L6,L6
H4,WD,WD,WD,WD
H1,H2,H2,H4,H3
H3,H1,H1,H3,H1
H4,H2,H1,L3,H5
H5,L4,H4,H4,H2
H3,H4,H5,H3,H3
H1,H3,H5,H3,H1
H5,H5,H2,H1,H4
H2,H1,L5,H1,H5
H1,H2,H3,H5,H5
H5,H1,H2,H2,H5
H5,L1,H5,H2,H2
H4,H4,L2,H3,H5
L6,H4,L3,H4,H4
H5,H5,H4,L4,H3
H2,H2,H5,H4,H2
H2,H3,L4,H4,H5
H5,H2,H3,H3,H2
L4,L6,H3,H5,L3
L6,H2,H5,H5,H1
H2,H4,L2,H5,H5
H3,H1,L3,H2,L5
H5,H4,L3,H4,H1
H5,H1,L6,H3,H4
H5,H3,H1,H5,H1
H1,H5,H5,H3,H5
H4,H1,H1,H3,H3
H5,H4,L6,H3,H4
H3,H1,L6,H5,H5
SC,H5,H5,H1,H1
H5,H4,H5,H4,H4
SC,H1,L5,L1,H5
L5,L1,L4,H5,H4
H4,L5,H5,L3,H5
H5,L4,H5,H4,H5
H4,H1,H4,H4,H5
L6,H4,H3,H4,H2
H3,L6,H5,H5,H1
H5,H4,H3,H4,L4
H4,H5,H5,H4,H5
H2,H4,L3,H5,H3
L1,H2,H3,H5,H5
H4,H5,H1,L3,L6
L5,H4,L6,L4,H3
H1,H2,H5,L1,L6
H2,H5,H2,H5,H3
L6,H5,H5,L3,H5
H4,H2,H5,H5,H4
L4,H2,H4,H4,H5
H4,H5,L6,H4,H2
H4,H5,H4,H4,H4
H2,L3,H5,H1,H4
L5,H3,L4,H1,H1
H4,H4,H4,H4,L3
H5,H4,L6,H4,H5
H3,H3,L6,L1,H5
H5,H5,H1,H3,H3
H4,L2,L5,L3,H3
H1,H2,H5,H5,H5
L4,SC,H4,H1,L3
H5,H2,H5,H4,H3
H2,SC,H5,H4,H2
H3,H3,L5,L6,H3
H2,L4,L5,H5,L4
H4,H5,L2,H4,H1
H3,H3,H1,H2,H5
L3,H5,H3,L6,H4
H5,H2,H2,H2,H5
H5,H4,H5,H4,H3
H2,H3,L4,H4,H4
H2,L3,H3,H2,H4
H1,H4,L3,L5,H1
L2,H1,H5,H4,L2
L3,H5,H4,H4,H5
L6,H5,H5,H2,L6
H4,L4,H4,L2,H5
H5,H3,L2,L4,H4
L1,L5,L6,H2,H1
H2,H2,H4,H3,H4
H5,H2,H4,L6,L4
H4,L2,H4,H4,L4
H4,H4,H1,H1,H2
H2,H1,H4,L1,H4
H2,H2,H4,L2,H5
L6,H4,H1,H5,H2
L6,H5,H4,H4,H5
H4,H1,H2,H5,H4
H3,H4,H4,H4,L1
H5,H3,H1,H5,L3
H3,H5,SC,H4,H5
H4,H4,H4,H2,L3
H4,H1,SC,L2,H3
H4,H4,L4,H4,H5
H5,H5,H5,H5,H2
H5,H2,H5,H3,H2
H3,H2,H3,H5,H5
H1,H4,H2,L1,H5
H4,H3,L1,H5,H1
L5,H3,H4,H5,L1
COLLECT,L5,H5,H4,H4
COLLECT,H1,L6,H1,H3
H2,H3,H5,H3,H4
H3,H3,H5,H5,H3
H2,H3,H5,L2,H5
H5,H5,H3,H1,H3
H4,H4,H2,H2,H2
H4,H5,H2,H3,H5
H4,H4,H4,H4,H4
H1,H2,H2,H3,H5
H1,H4,H2,H4,H5
H2,H5,H4,H5,H1
H4,L1,L1,H4,L2
H5,H3,H2,L6,H4
H2,H3,H4,H1,H4
H3,H4,L4,L1,H4
H1,H2,H2,H4,H5
H3,H4,H2,H2,L5
H2,H5,H2,L5,H5
L2,H1,H5,L6,H2
H4,COLLECT,H5,SC,H4
H5,COLLECT,H4,L5,L1
L3,H1,H4,SC,L4
H1,H5,H2,H5,H5
H4,H5,H1,L3,H2
L6,H3,H3,H2,L1
L1,H2,H1,H4,L5
H3,L5,H5,L6,L4
H2,L5,L3,H3,H1
H4,H1,H4,L6,H3
L1,H4,H3,H5,H1
H1,H2,H3,L2,H4
H2,H4,H4,H4,H4
H3,H5,H1,H2,H1
H3,H5,H2,H5,H4
L2,H1,L1,L1,L4
H3,H5,H4,H5,H5
L6,H5,H5,L4,H4
H5,H1,L2,L1,L2
H4,L3,H4,H4,H5
H1,H5,COLLECT,H1,H4
H2,H1,COLLECT,H3,L5
L5,H4,COLLECT,H3,H5
H5,H4,H2,H5,WD
H5,L2,H1,H2,H1
H2,L2,L3,H1,H3
H1,H2,H5,H5,L1
H4,H4,H1,L4,H5
H4,H2,H5,L4,H3
H4,H2,H4,H5,H3
H4,L4,H5,H1,SC
L3,H4,L6,H2,L3
H4,L2,L2,H5,SC
H4,H1,L1,H3,WD
H4,H5,H4,H3,H1
H4,L4,H4,H2,L5
L1,H5,H5,H2,H5
H1,H5,H4,H4,H4
H5,H2,H3,H4,H2
L6,H4,H2,H3,L5
H1,L3,L6,COLLECT,H5
H4,H2,L2,COLLECT,H4
H1,H3,H1,COLLECT,L5
H3,H4,H3,H3,H5
H4,H4,H5,H2,H5
L6,H4,H1,L6,L3
H5,H1,H4,H5,H5
H5,L1,H4,H3,H1
H3,H5,H5,H5,H4
H3,H5,H3,H3,L5
L3,H4,H4,H5,H2
H1,H2,H5,H5,H1
H4,H2,H1,H3,H4
H5,H1,H2,H5,H5
H5,H5,H5,H5,H4
H4,H4,H5,H3,H5
H4,H1,H1,L6,H3
H4,H5,H5,H5,L1
L3,H4,H2,H2,H3
H5,L3,H3,H4,H4
H2,L3,L4,H5,COLLECT
L2,H5,H5,H4,COLLECT
H5,H4,H3,H4,H3
H3,H3,L3,L1,L4
L2,H5,H3,H5,L1
H5,L1,H5,H4,H4
H2,H1,H3,H5,H4
H2,H3,H2,H3,H1
L6,H5,H3,H3,L4
H5,L4,H5,H5,H2
L1,H2,H4,L5,L5
H3,H2,H3,H3,L6
H2,H5,L3,H1,H1
H1,L6,H3,H4,H3
H5,H2,H4,L6,H3
H4,H5,H2,H4,H5
L4,H3,H2,H2,H5
H4,H4,L3,H2,H3
L3,H1,H3,H3,L4
H3,H1,L6,H1,H4
H4,H3,H2,H2,H4
H3,H2,H5,H1,H4
H5,H2,H3,H5,H2
H2,H3,H3,H2,H4
H5,H1,H4,H2,H5
H5,H3,H5,H3,L4
L6,H4,H3,H4,H3
H2,H4,L3,H1,L5
H4,L5,H3,H4,H3
H1,H5,H5,H5,H4
H4,H1,L1,H5,H4
H3,H5,H5,H5,H4
L1,H3,H4,H3,H4
H5,H4,L1,H1,H3
H5,H1,L3,H3,H5
H4,L2,H1,H4,H3
H2,H1,H3,H5,H2
H3,H4,H3,H5,L2
H4,H5,H2,L4,H4
H4,L1,L3,H5,H3
H3,H3,H5,H3,H1
H4,L6,H4,H5,L5
H3,L5,H4,H4,H5
H2,H2,H3,H4,H3
H3,H4,H4,H5,H4
H1,H5,H5,H5,H4
H5,H4,H2,L1,H3
H4,H5,H5,H4,H2
L6,H2,H4,L5,H5
H3,L2,H3,H2,H5
H2,H4,H5,L4,H3
H2,H3,H4,H5,H5
L2,H5,H1,WD,L4
H3,H4,H4,H5,L2
H5,L4,H5,L6,H2
H3,H1,L5,H5,H3
L4,H5,L2,H2,H3
H4,L3,L6,H3,H4
H3,H5,L1,H5,H4
H4,H4,H5,H4,H2
H5,H4,H3,H1,L3
H5,H4,H3,H4,H3
H5,H5,H3,H1,H4
L6,H5,H5,H4,H2
H5,H5,H4,H5,H2
H5,L1,H5,L2,L6
H4,H5,H3,L1,L6
H4,H1,H5,H3,H3
L6,H3,H5,H1,H5
H2,L5,H2,L2,H3
H3,H1,H4,H3,H5
H3,L3,H4,H5,H2
H3,H5,H1,H4,H4
H5,H3,L6,H2,H2
L2,L2,H5,H5,H4
L4,H5,H1,H1,H3
H2,L4,H2,H5,H3
H4,H5,H4,H5,H1
H4,H5,H1,H5,L6
H2,H2,H2,L3,H4
H2,H2,L6,H5,H2
L1,H4,H5,H4,H2
H5,H1,H3,L4,H5
H1,L2,L1,H2,H4
H3,L2,H2,H3,H5
L6,H5,H5,H3,H5
H2,L2,L2,H2,H5
H5,H5,H2,H2,H2
H2,H3,H4,H2,L6
H1,H4,H4,L5,H4
L2,H5,L6,H4,H4
H4,H1,H3,H3,WD
H3,H5,H2,H1,H5
H5,L3,H5,H4,H2
H4,H2,H5,H2,H3
H5,H4,H4,H3,H3
H5,H3,H3,L4,H2
H2,H4,H3,L1,H5
H1,H5,H3,H4,H3
L5,H5,L3,H3,H3
H1,H3,H2,H4,H2
H5,H5,H2,H1,L2
H4,H1,H1,L4,H4
H5,L5,L1,H2,H5
H4,WD,H2,H4,H5
H2,H5,H2,H4,H1
H2,L1,H3,H1,H5
H4,H4,H5,H1,H3
H4,H1,H3,H5,H2
L2,H3,H1,H3,H5
H3,H2,H4,L4,L5
H5,H5,H5,H2,H2
H5,H5,H1,H5,L2
H2,H4,L1,H5,H3
L4,H5,H5,H2,H5
L1,H5,H4,H2,L1
L5,H3,H4,H3,H3
H2,H5,H5,H4,L3
L4,L3,H1,L4,H3
H4,H1,L3,H3,H2
H3,H5,H4,L1,H2
L2,H4,H4,H5,L4
L4,H4,H3,H1,H1
H5,WD,H3,H4,H3
H4,L6,H3,H1,H5
H4,H1,H5,H5,H4
H4,L3,L1,H5,H3
L4,H4,H5,H1,H4
H5,H2,H4,L4,H3
H4,H3,H3,L3,H4
H4,H5,L4,H3,H4
H4,H5,L6,L6,H5
L5,H4,H4,H5,H3
H3,L6,H5,H3,H5
H2,H3,L6,H5,H3
H4,H4,L3,H3,H3
H3,H4,L2,H2,H3
H2,H5,H3,H4,H5
H5,H4,H4,H1,H4
L1,L1,H2,H2,L1
H5,H2,H4,H4,H4
H5,H3,H4,L1,H4
H4,H4,H4,H4,L5
H4,H2,H4,L1,L4
H5,H3,H4,H5,H5
H1,H4,H4,H4,H2
H2,H3,H3,L2,H4
L3,L2,H5,L3,H5
H4,H4,H3,H4,H1
L1,H2,H3,H1,H4
H1,L2,L3,H3,H4
H2,H4,L3,H5,H3
H5,H4,H5,H3,L5
L3,H1,H5,H4,H4
H3,H2,H5,H1,H5
H3,L6,H3,H5,H5
H1,H5,H1,H1,H4
H4,L5,H4,H1,H3
H5,L2,H4,H5,H4
H3,H2,L3,H4,H5
L2,H4,L2,L3,H5
H2,H2,L3,H5,H1
H5,L5,H4,L6,H4
L2,H1,H3,H2,L6
L3,L1,L3,H3,H5
H4,H4,H4,H3,H5
H3,H3,H1,H4,H5
H1,L5,H5,H3,H3
H2,H3,H3,H5,H5
L2,H4,H5,L1,H5
H4,H5,H3,H3,H1
H4,L6,L3,H5,H5
H5,H5,H3,H1,H5
H2,H2,H3,H4,L4
H5,L6,H4,L1,H3
L1,H3,L5,L1,H4
H1,H3,L2,H1,H2
L5,H2,H4,H2,H4
H3,H2,H3,H1,H5
H2,H2,H1,H3,H4
H4,H4,H4,H5,L1
H4,H5,H1,H5,H2
H4,H5,H2,H4,H1
H3,WD,H3,H1,H5
H3,L3,H2,H2,H5
H2,L4,H3,H2,H2
L3,H5,H5,H4,H1
H2,H3,H2,H5,H5
H2,H3,H3,L1,H3
H5,H4,H5,L3,H4
H5,H4,L5,H2,H4
L4,H1,H4,H4,H1
H4,H5,H3,H5,H1
L4,H5,H5,H1,H2
L2,H4,H2,H2,H4
H3,H5,H4,H2,L2
H3,L2,H5,H4,H3
H5,H3,H2,L4,H5
H3,L5,H5,H3,L5
H5,L1,H2,H2,H1
L6,H4,H2,H2,L6
L5,H3,H3,H4,H4
H3,H3,H4,H1,H4
H2,H1,H4,H5,H3
H5,H3,H1,L1,H4
H5,H2,H4,H2,L1
L1,H2,H2,H3,H3
H4,H4,L1,H2,H5
L2,L5,H1,H4,H4
H2,L4,H2,H4,H2
H4,H4,H5,H3,H5
H4,H5,L5,H5,H4
H3,H2,H2,H2,H2
H5,L4,H3,H3,H3
H4,H2,L1,H5,H5
L3,L1,H2,L5,H2
L1,H5,H4,H1,H4
H3,L4,H3,L3,H5
H5,H4,L4,H3,H1
H1,H1,H2,H3,H2
COLLECT,H5,H3,H1,H5
H3,L1,H3,H4,H5
H4,H5,H4,H5,H3
H5,H4,H1,H4,H2
H3,H3,L3,H5,H3
L4,H5,H4,L2,H5
H1,L6,H3,H5,L2
H4,H3,H2,H4,H5
H2,L1,H5,H4,L1
H5,L5,H4,H1,L2
H2,H5,L4,L6,H4
H2,H5,L1,L3,H5
H4,H4,H1,H5,L6
H2,H3,L4,H4,L1
H5,H4,H1,H3,L6
H5,H5,H3,H1,H4
H4,H3,H2,L4,H5
H3,H2,H5,H2,H2
H4,H4,L6,H1,H3
H1,H2,H4,H5,H5
L5,COLLECT,H4,H3,H3
H4,H4,H1,H4,H4
H1,H2,L2,H5,L2
L3,H5,L2,H3,H4
H5,H5,H3,H3,L6
L3,H3,H4,H4,H3
H2,L1,H4,H4,H5
H5,L1,L1,H4,H2
H2,H5,H5,H5,L2
H5,H4,L4,H1,H3
H4,H2,H4,L3,H3
H5,H5,L4,L6,H5
H2,H4,H5,H5,H1
H3,H5,H4,H4,H5
H5,H4,H3,H2,H5
L3,L4,H5,H5,H4
H3,H4,H3,L1,H3
H4,H4,WD,H5,L6
H4,H1,L1,H5,H3
H5,H1,L6,L2,H5
L4,H4,COLLECT,H5,H5
H3,H4,COLLECT,H2,H5
H5,L3,H5,H3,H5
H5,H1,H2,L6,H5
H2,H5,H2,H4,L4
H5,H1,L5,H4,H3
H4,H4,L5,H2,H4
H4,H3,H4,H5,H4
H5,H1,H3,L3,H4
H5,H4,H4,H2,H5
L4,H2,L1,H2,H4
H4,H2,H5,H1,H2
H5,H4,H1,H5,H3
L5,H2,H5,H1,H2
H2,H2,H5,H4,L2
H4,H4,H5,L1,H5
L3,H2,L1,H4,H4
H4,H5,L6,H1,H5
H3,H4,H3,H1,H1
L2,L2,L1,L4,H4
H4,H4,H3,COLLECT,H5
H3,H5,H5,COLLECT,H4
H5,H4,H4,H1,H5
H3,H5,H5,L2,H4
H1,H4,H4,H1,H4
H5,H2,H5,H1,H4
L4,H3,H4,H1,H5
H4,L3,H2,L6,H4
H3,H4,H1,L1,H2
L3,L2,H4,H1,L3
H5,H5,H5,H3,H5
H5,L5,H3,H1,H1
H5,H2,H2,L2,H4
H5,L3,H4,H3,H1
H5,H5,H4,L6,H5
H4,H5,L2,H5,H4
H4,H4,H4,H4,H5
H4,L6,L2,H5,L1
H3,H3,H3,L5,L2
H1,H4,H5,H3,H1
H1,L1,H3,L6,COLLECT
H5,H4,H5,H3,H1
H2,L6,H3,L2,H2
H4,H4,L5,H5,H4
H4,H2,L2,H5,H3
H5,H2,H4,WD,H5
H4,H1,H4,H1,H5
H5,L1,L4,L1,H5
H4,L5,H5,H4,H3
H3,WD,H4,H5,H2
H3,H1,H1,H4,H2
H5,H3,H4,H5,H5
H5,H3,H5,L5,L2
H3,H5,H2,H4,H5
H2,H5,L4,H5,H4
H4,H4,L2,H5,H2
H4,H5,H5,H5,H5
H4,L6,H4,H5,H4
L1,L6,L6,L4,H5
H5,H4,H5,H3,L6
L4,L4,H5,H1,H4
H2,H3,H4,H1,H4
H5,H4,H5,H5,H3
H3,L1,H5,L6,L1
H3,H5,H1,L3,H5
H5,H3,H4,H2,H4
H1,H4,H5,H5,H5
H2,H1,H4,H4,L3
H5,H4,H4,H4,H4
H5,H4,H3,H5,H4
H3,H4,H1,H5,L1
H4,H1,H5,H5,L4
H5,H1,H1,H4,H4
H4,H4,H4,L5,H4
H5,H5,H4,WD,L1
H3,L2,H5,H4,H1
H5,H2,L2,L5,L2
H2,H4,H3,L5,H5
H3,L4,H2,H2,L2
H5,H2,H3,H2,H2
H3,H3,H1,H5,H5
H5,H5,H5,L3,H2
L2,H1,L5,L1,H5
H5,H4,L5,H3,H4
L2,L2,H4,H5,L3
H5,L6,H4,H2,H4
H4,H5,H2,L6,H5
H4,L2,H1,H4,L2
H5,H4,H1,H2,H4
L4,H2,H4,H4,H4
SC,H5,H4,H5,H4
H4,H2,L5,H1,L5
SC,H5,H4,H5,H4
H1,H3,H4,H5,H3
H4,H5,L3,H4,H1
H3,H1,H3,H4,H3
H4,H2,L4,H4,H1
H2,H5,H3,H4,H5
L1,H4,H5,H1,H4
H5,H2,H1,H5,L4
H3,H1,L5,L5,H2
L3,H3,H4,H5,H4
L2,H2,H2,H5,H1
H2,H2,L4,H3,L4
L3,L2,H1,H3,L1
L3,L6,H5,L6,L1
L2,H5,L6,H4,H3
H4,H1,H2,L1,L2
H3,H5,H4,L6,H1
H2,H5,H1,L6,L1
H1,L1,H5,L4,L4
H4,H4,H3,H1,H4
H1,L2,H3,H1,H5
H3,H5,H2,H5,H4
H5,H1,H3,H4,H4
L3,H4,H2,H5,H2
H4,L1,L4,H5,H4
H3,H2,H4,H3,L4
L1,H4,H2,L6,H1
H5,H3,H3,L3,H3
H3,SC,H5,H5,H3
H3,H1,H5,H1,L1
H2,SC,H3,H4,H4
L5,H3,H5,WD,H4
L6,H1,L3,L3,L3
H5,L4,H3,H5,H5
H3,L4,H5,H4,H4
H4,L4,H3,L5,L4
L3,H2,H2,L5,H4
L1,H4,H3,H5,H5
H4,H3,H3,H3,H5
H4,H1,H5,H5,H4
H4,L6,H4,H5,H2
H4,L6,H5,H5,H4
H2,H4,H4,H3,H5
H4,H3,H1,H2,H2
L3,L1,H3,H4,L6
H3,H5,H5,L6,H2
H2,H1,H1,H3,H2
H5,L5,H4,H2,L4
H5,H1,H3,L2,H2
H2,H3,H5,H5,H3
H4,H4,H2,H5,H1
L4,L4,L3,L3,H5
H5,L5,L1,H2,H4
H3,L3,L5,H5,H4
L6,H4,H3,H5,H3
L1,H3,H3,H5,L5
L6,H5,H3,H5,H4
H4,H5,H5,L6,H2
L2,H1,SC,H4,H2
H3,H3,H4,H4,H2
L4,H2,SC,H5,L1
H4,L3,L4,H2,H2
H4,L6,H5,H1,L2
H5,L4,H1,L4,H3
L3,H4,WD,H5,H4
H5,H4,H1,H3,H3
H3,H4,H4,H4,H1
H4,H4,H1,L1,H5
L4,L1,H4,H5,L5
H5,H5,L6,L2,H4
H5,H5,H3,H5,H4
L6,H2,H2,H3,L6
L6,H1,H5,H2,H1
H3,L4,L1,H3,H4
H5,H4,H3,L5,H3
H5,L2,H5,H2,H2
L6,H3,H5,H3,H2
L3,H4,H5,H4,H2
L1,L6,L6,H4,H1
H1,H5,H5,H1,H5
H4,H4,H2,H5,H4
H4,WD,H4,L1,H3
H4,H5,L6,L3,H1
H4,H5,H4,H5,H1
H5,L1,H2,H4,L6
H5,H4,H3,H5,H4
H3,H4,H2,H1,H4
H4,H1,H3,H5,H5
L3,H5,H3,SC,H1
H4,H5,H2,L3,H4
L1,H1,H5,SC,H1
H3,H3,H5,H4,H5
H1,L3,WD,H2,H5
H5,H1,L6,H3,L3
H3,H2,WD,H4,H5
H4,H3,L2,L4,L6
H5,H4,L6,WD,H5
L5,L5,H2,H2,L4
H5,H2,H3,H3,H2
H1,H4,L1,H5,H1
H3,H2,H2,H2,H4
H4,H4,H5,H3,L4
H4,H4,H3,H4,H5
H5,L3,H1,H4,H1
H2,H4,H5,L3,H2
H4,L6,H4,H1,H3
L5,H4,L1,H2,H5
H4,H4,H5,H5,H5
H5,L2,WD,H5,H3
L2,H3,H4,H3,H3
L3,H4,L3,H3,H2
H1,H4,H5,H5,L6
H3,H4,L2,L5,H3
H5,H5,H5,H5,H4
L1,H5,H3,H4,H5
H4,L6,H1,H5,H1
L4,H4,L1,H5,H1
H1,H5,H5,H4,L2
H5,H2,L1,H4,SC
L1,H5,H2,H2,H2
H5,H5,H4,H2,SC
H3,H4,H4,H3,H2
H4,H5,H5,L5,H2
H3,H3,H3,H4,H1
H2,H3,H4,L2,H1
H3,H1,H3,H4,H2
H2,H3,H5,H5,H5
L1,H3,H5,H5,H1
L5,L1,H3,H4,H5
H5,H1,H5,H5,H4
H3,L1,H2,H4,H5
H3,H2,H2,H3,H1
L2,L4,H5,H5,H3
H4,H5,WD,H4,H5
H4,L5,H2,L5,L6
L5,H4,H2,H5,H5
H4,H4,L1,H3,H1
H4,H4,H4,H5,H4
H5,H3,H3,H2,H1
L5,H2,L4,H5,H5
H2,H2,H4,WD,H5
H3,H3,H5,H4,H4
H4,H2,H4,H5,H4
L6,H4,H5,L1,H5
H2,L1,H4,H1,H4
H4,H5,L1,L3,H1
H1,H5,L3,H5,H4
H5,L3,H4,H2,H4
H5,L4,H5,H4,H5
H1,L5,H3,H4,H5
H2,H1,H4,H2,H3
H4,H4,H3,H5,H3
H1,H2,H4,H3,H4
H2,H4,L5,H4,H3
H4,H4,H1,H3,H4
H2,H3,L5,H4,H5
L6,H2,H5,H3,H4
H3,H3,H1,H5,H3
H5,H5,H4,H5,H2
H4,H4,H1,H4,H4
L6,H3,L4,H5,H4
H1,H5,H3,L4,L2
H2,H2,H5,H1,H3
L3,H4,H5,H2,L4
L4,H1,H3,H2,H4
H4,H2,H4,H3,WD
H1,L5,L3,L3,L4
H4,H1,L3,H4,H5
COLLECT,H5,H3,L4,L4
H4,H1,H2,H3,H1
H5,H4,H2,L5,L5
L2,H3,H5,H5,H1
L5,H1,H3,H5,H5
H5,H4,L5,L5,L6
H4,H5,H2,H4,H5
H2,H4,H2,L1,H5
H3,L4,H4,L3,H3
H2,H4,H4,H5,H5
H3,H1,H2,H3,H5
H1,L4,H4,H5,L3
H5,L3,H3,L2,H4
H4,H5,H4,H3,H1
H5,H3,H5,H1,H4
L6,L6,L5,L3,H4
H4,H4,H3,H3,H4
L1,H4,H3,L6,H3
H5,H2,H5,H5,H3
H5,H4,H2,H3,H3
H4,COLLECT,H3,H3,H4
L2,H5,H3,H5,L5
L3,H5,H5,H2,H4
H5,H3,H4,L6,H5
H2,H2,H4,H5,H2
H5,H5,H4,H4,H4
H5,L3,L3,H3,H1
H3,H5,H5,H4,L3
H5,H5,H2,H3,H5
H1,H4,WD,H3,H4
H3,H4,H2,H4,H4
H4,H4,H4,H2,H3
H5,H3,H1,H5,H4
L3,L2,H5,H3,L2
L1,H5,H4,H3,L6
L5,H4,H3,H5,L4
H3,H2,H1,H4,H4
H3,H2,H2,H2,H5
H2,H1,H5,H1,L5
H5,H1,H4,H1,H5
H3,L6,COLLECT,H5,H4
H3,H5,H3,H2,H1
H5,L5,H5,H2,H1
H5,H5,H3,H3,L4
H5,H2,L4,H3,H2
H4,H1,L1,H4,H3
H4,L6,H2,H3,H2
H2,H4,L5,H2,H5
H5,L1,H4,H2,H3
H3,L3,L4,H3,H5
L2,H3,H4,L6,H3
L2,H1,L3,H5,H4
H4,L5,H3,H5,L5
L6,H5,L5,H4,H5
H4,L4,L1,L2,H5
H1,H5,H5,H4,H5
H2,L2,L2,H1,H2
L4,H2,H4,H5,H5
L4,H3,H2,H4,H2
H5,H3,H3,H4,L2
L6,H5,H3,COLLECT,H4
H3,H2,L5,H3,H1
H3,L6,H4,H3,H1
L2,H2,H5,H3,H4
H5,H5,H2,L5,L2
H1,H1,H5,L1,H3
H1,L1,H4,H2,L1
H3,L5,H3,H1,H3
L2,H3,H4,H3,L1
H3,H5,H1,L1,L5
H5,H2,H5,H5,H4
L6,H4,L1,L4,H4
H4,L4,H3,H3,L1
L2,L4,H5,WD,H5
H4,H5,H2,L3,H4
H2,H2,H4,H5,L1
H2,H4,H3,H1,L4
H4,L2,H3,H5,H3
L1,L5,H4,H3,H1
L1,H4,H2,H4,H5
H2,H5,H4,L2,COLLECT
H4,H2,L6,H3,H4
H1,H4,L4,H1,L1
H5,H2,H4,H3,H4
H1,H3,L6,H2,H5
H2,H5,H4,H3,H5
H1,H3,H4,H5,L4
H5,L3,H3,H1,H4
H2,H2,H4,H2,H1
H4,H5,H5,H3,H5
H4,H2,H1,H5,H4
L1,H5,H5,H1,H5
H4,H2,H5,H4,H4
L3,H3,H2,H4,WD
H3,H2,H5,H2,H2
L5,H4,H5,H4,H5
L1,H5,H2,H4,H3
H4,L3,H4,H4,H1
H5,H3,WD,H1,H5
H5,H4,L1,H5,H5
H2,H5,L2,H5,H3
H5,H4,H4,H4,H5
L3,H3,H2,H2,H5
H3,H4,H2,H2,H2
H4,L1,H2,H3,H1
H3,H4,L2,H5,H5
H2,H1,H1,H4,H4
H4,H4,H2,H3,H4
H4,H1,H2,H5,H4
H3,L1,H5,H5,H5
H3,H5,H3,H1,H4
H5,H5,H2,L5,L4
L6,L1,L5,H5,H5
H4,L6,H1,H4,L3
H3,H5,H2,H2,H4
H4,L3,H4,H3,L5
H5,H5,H3,H2,H3
H3,H2,H2,H3,L3
H4,H1,H1,H1,L1
H2,H5,H4,H4,H1
H3,H5,L6,L5,H5
H2,L5,L6,H5,H5
H1,L1,L4,L6,L2
L6,L3,H4,H2,L5
L6,H4,L3,H3,L6
H1,L4,L5,L5,H5
H2,H3,H5,H4,L6
L6,H5,H3,H2,H1
H3,L6,H1,L1,H2
H4,H2,H4,H3,H3
L1,H4,H2,H4,H4
H5,L2,L3,H5,H4
H1,L4,H5,H1,H4
H2,H5,H3,H1,H3
H4,H4,H5,L6,H5
H3,H3,H5,H5,H4
L3,L3,H3,L6,H4
H4,L4,H5,L4,L6
H3,H5,H1,L3,H5
L3,L4,L3,H2,H1
H2,H4,L6,L5,H5
H4,L4,H5,H3,H3
L1,H5,H5,H4,H4
H2,H4,H5,H2,H5
H5,H5,H4,H2,H1
L2,H4,H1,L6,H3
L2,H3,L5,H4,H5
H3,H4,H3,H5,H3
L1,H5,H1,H3,H4
H5,H5,L4,H5,L2
H4,H5,H4,H1,L1
H4,H3,H5,H5,H5
L1,H5,H4,L5,H2
L4,H5,H4,H2,H4
H3,L5,H5,H4,H4
H2,H4,H3,H2,H5
H3,H3,L3,H3,H4
H5,L5,H3,H5,L6
H3,L5,L3,L6,H4
H1,L5,H5,H2,H2
H4,H4,H5,H5,H3
H1,L1,H4,H5,H3
H4,H4,H4,H2,H4
H4,H4,H2,H3,H2
H5,H1,H5,H2,H5
H1,H4,L1,L6,H4
H2,H2,H5,H4,L5
L1,H1,L6,H5,L3
H5,H1,H5,H2,H4
H3,H4,H5,H5,H1
H4,L3,L4,H4,H5
L3,L2,H4,H2,H4
L4,L3,L5,H4,H5
H4,H4,H1,H5,H2
H4,H5,H4,H5,H4
H5,H4,L3,H3,H4
H1,H3,H5,H3,L5
H4,H2,H3,H3,H1
H5,H2,H4,H5,H5
H1,H3,H5,H1,H4
H5,H2,H2,L5,L5
H5,H3,H1,H4,H3
H5,H5,H4,H4,H2
H4,H5,L3,H2,H2
H1,L5,L2,H3,H3
L5,H1,L4,H2,L3
H5,H3,H4,H5,H4
H5,H3,H5,H3,H3
H3,H1,L3,H2,H5
H5,H5,H1,H5,H1
L5,L5,L5,L6,H5
L2,H4,L3,L1,H4
H5,H5,H4,L4,H2
L3,H4,H2,L1,H5
H2,H5,H3,H3,H3
H4,L4,H3,H4,H2
L3,L1,H3,H4,L5
H2,L3,H1,H2,L1
H4,H4,H5,H4,H5
H5,L2,H4,H4,H3
H3,H5,H4,H5,H5
H4,H5,H3,H1,WD
H5,H3,L4,L3,H2
H5,H4,H4,L5,H5
L2,H5,H4,H3,H2
H4,H2,H3,H3,H5
H2,H5,L5,H3,H3
H4,H5,H4,H2,L4
H2,H3,L1,H5,L2
H3,H3,H5,H2,H3
H4,H5,H3,H5,H4
H3,H5,H5,H4,L5
L1,L5,H4,H4,H2
H2,L1,H2,L1,L5
L4,H4,H5,L6,H4
H4,H4,H5,H5,H1
H4,H4,H4,H1,H2
L1,H2,L2,H4,H5
H4,H4,H4,H3,L2
H4,H4,H4,H5,L4
H4,H4,H1,L1,H5
H3,H1,H5,L5,H3
H4,H2,L5,H5,H4
H4,H1,H5,H2,H4
H5,H2,H4,H4,L2
L3,H4,H4,H5,H1
H1,L4,L2,H5,L4
H5,H4,L3,H4,L1
H1,H4,H1,H1,L4
H5,H2,H5,H5,H2
H3,H5,H3,H5,L6
H5,H1,L3,H5,H5
H3,H4,H3,H1,H3
H2,H4,L2,H2,H4
H1,H4,H2,H2,H5
H3,H1,H4,H4,H2
L1,H4,H2,H5,L6
H3,H4,L6,L2,L4
H2,H4,H5,L6,H4
L1,H3,H3,H3,H5
H4,H4,L2,H3,H3
H4,H1,H2,L3,H4
H4,H2,L1,H1,H2
H2,H3,L3,H5,H4
H2,H1,H4,H5,H4
H1,H4,H5,H2,H2
H4,H1,H5,H1,H3
H5,L5,H3,H5,H2
H2,H2,H1,L2,L5
H4,H4,L2,L1,H3
H4,H3,H1,L4,H5
H5,H5,L2,H4,H4
H3,H2,H2,H5,H1
H4,H5,L2,H3,H1
H5,H4,H4,H4,L6
H5,L6,H1,H4,H3
H3,WD,L1,H4,H5
L2,H4,L2,H1,H4
H4,H3,H4,H4,H5
H4,H2,H3,H3,H5
L2,H5,L5,H4,H3
H5,H4,H3,H4,H1
H5,H3,H5,L6,H5
H5,H5,H4,H4,H1
H4,H3,H5,H1,H2
H1,H1,H4,H1,H4
H5,H1,L2,H5,H2
H4,H4,H2,H2,H4
H5,H5,L2,L6,H1
H1,H5,H2,H2,H4
H3,H2,H2,H3,H5
H1,H5,H2,L6,H1
L6,H5,L4,H5,L4
H2,H2,H4,H5,L2
L4,H1,H5,H1,H5
H3,H3,H1,H2,L5
L4,H4,H3,H2,H5
H5,H2,H1,L4,H4
H1,H2,H2,H4,L3
H2,L4,L2,H3,H3
H2,L1,H3,H1,H3
H5,H1,H4,H1,H5
H5,L3,H4,H2,H5
H4,H5,L3,H4,H4
L1,H4,H4,L4,H2
H5,H5,H5,H4,L1
H1,H5,H3,H4,H4
L5,H3,H5,H3,H2
H2,H4,H1,L2,H4
L4,H5,H4,H4,H4
