category,component,target_odds (1 in X spins/features),,,
base,Base Collect,1 in 20-25 spins,,,
base,average coins collected per collect symbol,3.5-5,,,
feature,any Hold-and-Spin,1 in 75 spins,,,
feature,Plain Hold-and-Spin,0,,,
feature,Splitter,1 in 450 spins,,,
feature,Grow,1 in 450 spins,,,
feature,Boost,1 in 450 spins,,,
feature,Multiplier,1 in 450 spins,,,
feature,Feature Collect,1 in 450 spins,,,
feature,Expansion,1 in 450 spins,,,
feature,Mega Combo,1 in 1500 spins,,,
jackpot,Mini,1 in 1.25 features,,,
jackpot,Minor,1 in 1500 spins,,,
jackpot,Major,1 in 50000 spins,,,
jackpot,Grand,1 in 15M spins,,,
base,Hit freq,25%-30%,,,
,volatility,~7-9,,,
,Hard cap,15000x,,,
,,,,,
Jackpots,Seed value,Increment percentage,cap,,
Mini,2x,0.5x bet,10x,,
Minor,10x,1x bet,25x,,
Major,100x,2x bet,500x,,
Grand,10000x,10x bet,15000x,,
,,,,,
feature elaboration,description,,,,
Splitter feature,"Each cell can land 1, 2 or 3 coins.",,,,
,Average split cells (more than 1 coin) per feature,5+,,,
,Average cells (normal+split) per feature,9,,,
,Average jackpot per feature,1 in ~1.8 features,,,
,Average coin value,~1,,,
,,,,,
Multiplier feature,"Random spin puts multipliers on 3-5 cells. Each unused multiplier cell stays till the end of the feature. Possible multipliers are 2, 3, 4.",,,,
,Average multiplier cells per multiplier spin,~3,,,
,Average coins per feature,9,,,
,Average multiplier spins per feature,3,,,
,Average spins per feature,~12-15,,,
,Average multiplier,2.7,,,
,Average jackpot per feature,1 in ~1.8 features,,,
,Average coin value,~1,,,
,,,,,
Booster feature,Random spins boost all the coins on the grid,,,,
,Possible boost values (xBet),"0.2,0.3,0.4,0.5,0.6,0.8,1,1.2,1.5,2,2.5",,,
,Average coins per feature,9,,,
,Average boost spins per feature,3.5,,,
,Average spins per feature,~12-15,,,
,Average boost value,0.8,,,
,Average jackpot per feature,1 in ~1.8 features,,,
,Average coin value,~1,,,
,,,,,
Grower feature,Each grower symbol boosts the value of 2-5 coins on the screen. It keeps on repeating multiple times during the entire feature.,,,,
,Possible grow values (xBet),"0.2,0.3,0.4,0.5,0.6,0.8,1,1.2,1.5,2,2.5",,,
,Average coins per feature,8,,,
,Average grow spins per feature,4,,,
,Average grow symbols per feature,2,,,
,Average spins per feature,~12-15,,,
,Average grow value,0.5,,,
,Average jackpot per feature,1 in ~1.8 features,,,
,Average coin value,~1,,,
,,,,,
collector feature,Random spins collect all the coins and adds them to the win meter. Do not impact any coins on the screen.,,,,
,Average coins per feature,8,,,
,Average collect spins per feature,2.5,,,
,Average spins per feature,~12-15,,,
,Average jackpot per feature,1 in ~2 features,,,
,Average coin value,~1,,,
,,,,,
Expansion,Window size can be increased from 3x5 to 6x5 using special symbols,,,,
,Average awarded coins per feature,10,,,
,Average visible coins per feature,15,,,
,Average row unlocks per feature,4-4.5,,,
,All rows unlock freq,1 in 4 features,,,
,Average spins per feature,15-19,,,
,Average jackpot per feature,1 in ~1.5 features,,,
,Average coin value,~1,,,
,,,,,
Mega feature,"Combination of all the above 6 features. Thumb rule remains the same. The features don't interact amongst themselves. Once a special coin converts to a normal coin, only then the multiplier, boost, grower, collector and splitter can act on it.",,,,
,Split symbols and special symbol can land on the locked rows but other features only act on active area.,,,,
,Average awarded coins per feature,15-19,,,
,Average visible coins (including special) per feature,22+,,,
,Average row unlocks per feature,4.5-5,,,
,All rows unlock freq,1 in 3 features,,,
,Average spins per feature,13+,,,
,Average jackpot per feature,1 in ~0.8 features,,,
,Average coin value,~1,,,
,Average multiplier cells per multiplier spin,3,,,
,Average multiplier spin,3,,,
,Average boost spin,3,,,
,Average split symbols ,7,,,
,Average grow symbols,2,,,
,Average grow targeted coins per symbol per spin,3.5,,,
,Average collect spins,2.2,,,
,Average JP symbols landing,6,,,
