category,component,target_rtp,target_base_game_hit_rate,target_hold_and_spin_trigger_rate,target_trigger_odds_1_in,internal_lane_probability,internal_lane_odds_1_in,target_conditional_mean_win,source,notes
base,Base paylines,0.349,,,,,,,2026-10-02 fallback allocation,Flexible component inside the fixed 55% base subtotal
base,Base Collect,0.201,,,,,,,2026-10-02 fallback allocation,Natural Collect target is 1 in 20-25 paid spins
feature,Plain Hold-and-Spin,0,,,,0,,0,2026-10-02 supplied target,Path retained in the engine but live selection weight is zero
feature,Splitter,0.037671335796773,,,,0.002111111111111111,473.6842105263158,17.844316956366381,Calibrated production kernel,Eligible only when SC1 is visible
feature,Grow,0.044082955851572,,,,0.002111111111111111,473.6842105263158,20.881400140218229,Calibrated production kernel,Eligible only when SC2 is visible
feature,Boost,0.031666586877344,,,,0.002111111111111111,473.6842105263158,14.999962205057919,Calibrated production kernel,Eligible only when SC3 is visible
feature,Multiplier,0.035937655185004,,,,0.002111111111111111,473.6842105263158,17.023099824475750,Calibrated production kernel,Eligible only when SC4 is visible
feature,Feature Collect,0.055805344591694,,,,0.002111111111111111,473.6842105263158,26.434110596065342,Calibrated production kernel,Eligible only when SC5 is visible
feature,Expansion,0.065511731989404,,,,0.002111111111111111,473.6842105263158,31.031873047612368,Calibrated production kernel,Eligible only when SC6 is visible
feature,Mega Combo,0.034136444926649,,,,0.000666666666666667,1500,51.204667389974148,Calibrated production kernel,Requires all six distinct Bags on one base board
jackpot,Mini,0.058346802712472,,,,,,,,Explicit hit-rate calibration,Closest feasible rate is about 1 in 108.3 paid spins
jackpot,Minor,0.016126207777574,,,,,,,,Explicit hit-rate calibration,Target award rate is 1 in 1500 paid spins
jackpot,Major,0.009915923771689,,,,,,,,Explicit hit-rate calibration,Target award rate is 1 in 50000 paid spins
jackpot,Grand,0.000999859611653,,,,,,,,Explicit hit-rate calibration,Target award rate is 1 in 15 million paid spins
summary,Base subtotal,0.55,0.25,,,,,,,2026-10-02 fallback,Base hit-rate acceptable range is 25%-30%
summary,Non-jackpot feature subtotal,0.304812055218465,,0.013333333333333333,75,,,,2026-10-02 fallback,Overall and Mega rates fixed; remaining trigger budget split equally across six Bags
summary,Jackpot subtotal,0.085388793873388,,,,,,,,Calculated,Explicit hit rates multiplied by calibrated progressive award means
summary,Total RTP,0.940200849091853,,,,,,,,Retained game target,Expected RTP includes modeled rare Grand contribution
