Reel1,Reel2,Reel3,Reel4,Reel5
H1,L2,L5,H3,L1
L1,H2,L3,L6,H4
L4,L1,H5,L2,L5
H3,L5,L1,H1,L3
L2,H4,L6,L4,H2
L6,L3,H2,L5,L1
H5,L2,L4,H4,L6
COIN,L6,H1,L3,L2
L3,H3,L2,H5,L4
WD,L4,L5,L1,H3
L5,H1,L3,L6,L2
H2,L2,L5,L4,H5
L1,COIN,H4,L5,L3
L4,L5,L1,H2,L6
H4,L3,H3,L2,L5
L2,WD,L6,H1,L4
L6,H5,L2,L3,H2
H1,L1,COIN,L3,L5
L5,H2,L4,L6,H3
L3,L6,H5,L1,L2
H3,L4,L1,H4,L6
L1,H1,L5,L2,L5
L4,L2,H2,COIN,L3
H5,L5,L3,H3,L1
L2,H4,L6,L4,H1
L6,L3,H1,L5,L2
L3,L1,L4,H2,L6
H2,L5,L2,L3,COIN
L3,H3,H4,L6,L1
L5,L2,L1,H5,L4
H4,L6,L3,L2,H3
COLLECT,H2,L5,L4,L6
L1,L4,H5,H1,L2
L6,H4,L2,L5,H2
H3,L3,L6,L1,L4
L2,COLLECT,H1,H4,L5
L5,H1,L4,L3,L6
H1,L6,H3,L2,L1
L4,L2,L5,H5,L6
H5,L5,COLLECT,L1,H3
L3,H3,L1,L6,L4
L1,L4,H2,L5,WD
WD,L6,L3,H3,L2
L6,H5,L4,COLLECT,H1
H2,L1,WD,L3,L5
L5,L3,H4,L2,L6
L2,WD,L6,H2,L4
L4,H2,L2,L5,COLLECT
